genus,family
Allophryne,Allophrynidae
Alsodes,Alsodidae
Eupsophus,Alsodidae
Limnomedusa,Alsodidae
Alytes,Alytidae
Discoglossus,Alytidae
Latonia,Alytidae
Ambystoma,Ambystomatidae
Dicamptodon,Ambystomatidae
Amphiuma,Amphiumidae
Allobates,Aromobatidae
Anomaloglossus,Aromobatidae
Aromobates,Aromobatidae
Mannophryne,Aromobatidae
Prostherapis,Aromobatidae
Rheobates,Aromobatidae
Arthroleptis,Arthroleptidae
Astylosternus,Arthroleptidae
Cardioglossa,Arthroleptidae
Leptodactylodon,Arthroleptidae
Leptopelis,Arthroleptidae
Nyctibates,Arthroleptidae
Scotobleps,Arthroleptidae
Trichobatrachus,Arthroleptidae
Ascaphus,Ascaphidae
Atelognathus,Batrachylidae
Batrachyla,Batrachylidae
Chaltenobatrachus,Batrachylidae
Hylorina,Batrachylidae
Barbourula,Bombinatoridae
Bombina,Bombinatoridae
Brachycephalus,Brachycephalidae
Ischnocnema,Brachycephalidae
Balebreviceps,Brevicipitidae
Breviceps,Brevicipitidae
Callulina,Brevicipitidae
Probreviceps,Brevicipitidae
Spelaeophryne,Brevicipitidae
Adenomus,Bufonidae
Altiphrynoides,Bufonidae
Amazophrynella,Bufonidae
Anaxyrus,Bufonidae
Ansonia,Bufonidae
Atelopus,Bufonidae
Barbarophryne,Bufonidae
Blythophryne,Bufonidae
Bufo,Bufonidae
Bufoides,Bufonidae
Bufotes,Bufonidae
Capensibufo,Bufonidae
Churamiti,Bufonidae
Dendrophryniscus,Bufonidae
Didynamipus,Bufonidae
Duttaphrynus,Bufonidae
Epidalea,Bufonidae
Frostius,Bufonidae
Ghatophryne,Bufonidae
Incilius,Bufonidae
Ingerophrynus,Bufonidae
Laurentophryne,Bufonidae
Leptophryne,Bufonidae
Melanophryniscus,Bufonidae
Mertensophryne,Bufonidae
Metaphryniscus,Bufonidae
Nannophryne,Bufonidae
Nectophryne,Bufonidae
Nectophrynoides,Bufonidae
Nimbaphrynoides,Bufonidae
Oreophrynella,Bufonidae
Osornophryne,Bufonidae
Parapelophryne,Bufonidae
Pedostibes,Bufonidae
Pelophryne,Bufonidae
Peltophryne,Bufonidae
Phrynoidis,Bufonidae
Poyntonophrynus,Bufonidae
Pseudobufo,Bufonidae
Rentapia,Bufonidae
Rhaebo,Bufonidae
Rhinella,Bufonidae
Sabahphrynus,Bufonidae
Schismaderma,Bufonidae
Sclerophrys,Bufonidae
Sigalegalephrynus,Bufonidae
Strauchbufo,Bufonidae
Truebella,Bufonidae
Vandijkophrynus,Bufonidae
Werneria,Bufonidae
Wolterstorffina,Bufonidae
Xanthophryne,Bufonidae
Caecilia,Caeciliidae
Oscaecilia,Caeciliidae
Calyptocephalella,Calyptocephalellidae
Telmatobufo,Calyptocephalellidae
Celsiella,Centrolenidae
Centrolene,Centrolenidae
Chimerella,Centrolenidae
Cochranella,Centrolenidae
Espadarana,Centrolenidae
Hyalinobatrachium,Centrolenidae
Ikakogi,Centrolenidae
Nymphargus,Centrolenidae
Rulyrana,Centrolenidae
Sachatamia,Centrolenidae
Teratohyla,Centrolenidae
Vitreorana,Centrolenidae
Alcalus,Ceratobatrachidae
Cornufer,Ceratobatrachidae
Liurana,Ceratobatrachidae
Platymantis,Ceratobatrachidae
Ceratophrys,Ceratophryidae
Chacophrys,Ceratophryidae
Lepidobatrachus,Ceratophryidae
Chikila,Chikilidae
Conraua,Conrauidae
Barycholos,Craugastoridae
Bryophryne,Craugastoridae
Ceuthomantis,Craugastoridae
Craugastor,Craugastoridae
Dischidodactylus,Craugastoridae
Euparkerella,Craugastoridae
Haddadus,Craugastoridae
Holoaden,Craugastoridae
Lynchius,Craugastoridae
Microkayla,Craugastoridae
Niceforonia,Craugastoridae
Noblella,Craugastoridae
Oreobates,Craugastoridae
Phrynopus,Craugastoridae
Pristimantis,Craugastoridae
Psychrophrynella,Craugastoridae
Strabomantis,Craugastoridae
Tachiramantis,Craugastoridae
Yunganastes,Craugastoridae
Andrias,Cryptobranchidae
Cryptobranchus,Cryptobranchidae
Cycloramphus,Cycloramphidae
Thoropa,Cycloramphidae
Zachaenus,Cycloramphidae
Adelphobates,Dendrobatidae
Ameerega,Dendrobatidae
Andinobates,Dendrobatidae
Colostethus,Dendrobatidae
Dendrobates,Dendrobatidae
Ectopoglossus,Dendrobatidae
Epipedobates,Dendrobatidae
Excidobates,Dendrobatidae
Hyloxalus,Dendrobatidae
Leucostethus,Dendrobatidae
Minyobates,Dendrobatidae
Oophaga,Dendrobatidae
Paruwrobates,Dendrobatidae
Phyllobates,Dendrobatidae
Ranitomeya,Dendrobatidae
Silverstoneia,Dendrobatidae
Dermophis,Dermophiidae
Geotrypetes,Dermophiidae
Gymnopis,Dermophiidae
Schistometopum,Dermophiidae
Allopaa,Dicroglossidae
Chrysopaa,Dicroglossidae
Euphlyctis,Dicroglossidae
Fejervarya,Dicroglossidae
Hoplobatrachus,Dicroglossidae
Ingerana,Dicroglossidae
Limnonectes,Dicroglossidae
Minervarya,Dicroglossidae
Nannophrys,Dicroglossidae
Nanorana,Dicroglossidae
Occidozyga,Dicroglossidae
Ombrana,Dicroglossidae
Quasipaa,Dicroglossidae
Sphaerotheca,Dicroglossidae
Adelophryne,Eleutherodactylidae
Diasporus,Eleutherodactylidae
Eleutherodactylus,Eleutherodactylidae
Phyzelaphryne,Eleutherodactylidae
Hadromophryne,Heleophrynidae
Heleophryne,Heleophrynidae
Cryptobatrachus,Hemiphractidae
Flectonotus,Hemiphractidae
Fritziana,Hemiphractidae
Gastrotheca,Hemiphractidae
Hemiphractus,Hemiphractidae
Stefania,Hemiphractidae
Hemisus,Hemisotidae
Boulengerula,Herpelidae
Herpele,Herpelidae
Acris,Hylidae
Aparasphenodon,Hylidae
Aplastodiscus,Hylidae
Argenteohyla,Hylidae
Atlantihyla,Hylidae
Boana,Hylidae
Bokermannohyla,Hylidae
Bromeliohyla,Hylidae
Charadrahyla,Hylidae
Corythomantis,Hylidae
Dendropsophus,Hylidae
Dryaderces,Hylidae
Dryophytes,Hylidae
Duellmanohyla,Hylidae
Ecnomiohyla,Hylidae
Exerodonta,Hylidae
Hyla,Hylidae
Hyloscirtus,Hylidae
Hypsiboas,Hylidae
Isthmohyla,Hylidae
Itapotihyla,Hylidae
Julianus,Hylidae
Lysapsus,Hylidae
Megastomatohyla,Hylidae
Myersiohyla,Hylidae
Nesorohyla,Hylidae
Nyctimantis,Hylidae
Ololygon,Hylidae
Osteocephalus,Hylidae
Osteopilus,Hylidae
Phyllodytes,Hylidae
Phytotriades,Hylidae
Plectrohyla,Hylidae
Pseudacris,Hylidae
Pseudis,Hylidae
Ptychohyla,Hylidae
Quilticohyla,Hylidae
Rheohyla,Hylidae
Sarcohyla,Hylidae
Scarthyla,Hylidae
Scinax,Hylidae
Smilisca,Hylidae
Sphaenorhynchus,Hylidae
Tepuihyla,Hylidae
Tlalocohyla,Hylidae
Trachycephalus,Hylidae
Triprion,Hylidae
Xenohyla,Hylidae
Crossodactylus,Hylodidae
Hylodes,Hylodidae
Megaelosia,Hylodidae
Afghanodon,Hynobiidae
Batrachuperus,Hynobiidae
Hynobius,Hynobiidae
Liua,Hynobiidae
Onychodactylus,Hynobiidae
Pachyhynobius,Hynobiidae
Paradactylodon,Hynobiidae
Pseudohynobius,Hynobiidae
Ranodon,Hynobiidae
Salamandrella,Hynobiidae
Acanthixalus,Hyperoliidae
Afrixalus,Hyperoliidae
Alexteroon,Hyperoliidae
Arlequinus,Hyperoliidae
Callixalus,Hyperoliidae
Chrysobatrachus,Hyperoliidae
Cryptothylax,Hyperoliidae
Heterixalus,Hyperoliidae
Hyperolius,Hyperoliidae
Kassina,Hyperoliidae
Kassinula,Hyperoliidae
Morerella,Hyperoliidae
Opisthothylax,Hyperoliidae
Paracassina,Hyperoliidae
Phlyctimantis,Hyperoliidae
Semnodactylus,Hyperoliidae
Tachycnemis,Hyperoliidae
Ichthyophis,Ichthyophiidae
Uraeotyphlus,Ichthyophiidae
Gegeneophis,Indotyphlidae
Grandisonia,Indotyphlidae
Hypogeophis,Indotyphlidae
Idiocranium,Indotyphlidae
Indotyphlus,Indotyphlidae
Praslinia,Indotyphlidae
Sylvacaecilia,Indotyphlidae
Leiopelma,Leiopelmatidae
Adenomera,Leptodactylidae
Crossodactylodes,Leptodactylidae
Edalorhina,Leptodactylidae
Engystomops,Leptodactylidae
Hydrolaetare,Leptodactylidae
Leptodactylus,Leptodactylidae
Lithodytes,Leptodactylidae
Paratelmatobius,Leptodactylidae
Physalaemus,Leptodactylidae
Pleurodema,Leptodactylidae
Pseudopaludicola,Leptodactylidae
Rupirana,Leptodactylidae
Scythrophrys,Leptodactylidae
Adelotus,Limnodynastidae
Heleioporus,Limnodynastidae
Lechriodus,Limnodynastidae
Limnodynastes,Limnodynastidae
Neobatrachus,Limnodynastidae
Notaden,Limnodynastidae
Philoria,Limnodynastidae
Platyplectrum,Limnodynastidae
Aglyptodactylus,Mantellidae
Blommersia,Mantellidae
Boehmantis,Mantellidae
Boophis,Mantellidae
Gephyromantis,Mantellidae
Guibemantis,Mantellidae
Laliostoma,Mantellidae
Mantella,Mantellidae
Mantidactylus,Mantellidae
Spinomantis,Mantellidae
Tsingymantis,Mantellidae
Wakea,Mantellidae
Leptobrachella,Megophryidae
Leptobrachium,Megophryidae
Megophrys,Megophryidae
Oreolalax,Megophryidae
Scutiger,Megophryidae
Micrixalus,Micrixalidae
Adelastes,Microhylidae
Anilany,Microhylidae
Anodonthyla,Microhylidae
Aphantophryne,Microhylidae
Arcovomer,Microhylidae
Asterophrys,Microhylidae
Austrochaperina,Microhylidae
Barygenys,Microhylidae
Callulops,Microhylidae
Chaperina,Microhylidae
Chiasmocleis,Microhylidae
Choerophryne,Microhylidae
Cophixalus,Microhylidae
Cophyla,Microhylidae
Copiula,Microhylidae
Ctenophryne,Microhylidae
Dasypops,Microhylidae
Dermatonotus,Microhylidae
Dyscophus,Microhylidae
Elachistocleis,Microhylidae
Gastrophryne,Microhylidae
Gastrophrynoides,Microhylidae
Glyphoglossus,Microhylidae
Hamptophryne,Microhylidae
Hoplophryne,Microhylidae
Hylophorbus,Microhylidae
Hypopachus,Microhylidae
Kalophrynus,Microhylidae
Kaloula,Microhylidae
Madecassophryne,Microhylidae
Mantophryne,Microhylidae
Melanobatrachus,Microhylidae
Metaphrynella,Microhylidae
Microhyla,Microhylidae
Micryletta,Microhylidae
Mini,Microhylidae
Myersiella,Microhylidae
Mysticellus,Microhylidae
Oninia,Microhylidae
Oreophryne,Microhylidae
Otophryne,Microhylidae
Paedophryne,Microhylidae
Paradoxophyla,Microhylidae
Parhoplophryne,Microhylidae
Phrynella,Microhylidae
Phrynomantis,Microhylidae
Plethodontohyla,Microhylidae
Rhombophryne,Microhylidae
Scaphiophryne,Microhylidae
Siamophryne,Microhylidae
Sphenophryne,Microhylidae
Stereocyclops,Microhylidae
Stumpffia,Microhylidae
Synapturanus,Microhylidae
Uperodon,Microhylidae
Vietnamophryne,Microhylidae
Xenorhina,Microhylidae
Arenophryne,Myobatrachidae
Assa,Myobatrachidae
Crinia,Myobatrachidae
Geocrinia,Myobatrachidae
Metacrinia,Myobatrachidae
Mixophyes,Myobatrachidae
Myobatrachus,Myobatrachidae
Paracrinia,Myobatrachidae
Pseudophryne,Myobatrachidae
Rheobatrachus,Myobatrachidae
Spicospina,Myobatrachidae
Taudactylus,Myobatrachidae
Uperoleia,Myobatrachidae
Nasikabatrachus,Nasikabatrachidae
Astrobatrachus,Nyctibatrachidae
Lankanectes,Nyctibatrachidae
Nyctibatrachus,Nyctibatrachidae
Odontobatrachus,Odontobatrachidae
Macrogenioglottus,Odontophrynidae
Odontophrynus,Odontophrynidae
Proceratophrys,Odontophrynidae
Pelobates,Pelobatidae
Litoria,Pelodryadidae
Nyctimystes,Pelodryadidae
Ranoidea,Pelodryadidae
Pelodytes,Pelodytidae
Arthroleptides,Petropedetidae
Ericabatrachus,Petropedetidae
Petropedetes,Petropedetidae
Phrynobatrachus,Phrynobatrachidae
Agalychnis,Phyllomedusidae
Callimedusa,Phyllomedusidae
Cruziohyla,Phyllomedusidae
Hylomantis,Phyllomedusidae
Phasmahyla,Phyllomedusidae
Phrynomedusa,Phyllomedusidae
Phyllomedusa,Phyllomedusidae
Pithecopus,Phyllomedusidae
Hymenochirus,Pipidae
Pipa,Pipidae
Pseudhymenochirus,Pipidae
Xenopus,Pipidae
Aneides,Plethodontidae
Aquiloeurycea,Plethodontidae
Batrachoseps,Plethodontidae
Bolitoglossa,Plethodontidae
Bradytriton,Plethodontidae
Chiropterotriton,Plethodontidae
Cryptotriton,Plethodontidae
Dendrotriton,Plethodontidae
Desmognathus,Plethodontidae
Ensatina,Plethodontidae
Eurycea,Plethodontidae
Gyrinophilus,Plethodontidae
Hemidactylium,Plethodontidae
Hydromantes,Plethodontidae
Isthmura,Plethodontidae
Ixalotriton,Plethodontidae
Karsenia,Plethodontidae
Nototriton,Plethodontidae
Nyctanolis,Plethodontidae
Oedipina,Plethodontidae
Parvimolge,Plethodontidae
Phaeognathus,Plethodontidae
Plethodon,Plethodontidae
Pseudoeurycea,Plethodontidae
Pseudotriton,Plethodontidae
Speleomantes,Plethodontidae
Stereochilus,Plethodontidae
Thorius,Plethodontidae
Urspelerpes,Plethodontidae
Necturus,Proteidae
Proteus,Proteidae
Hildebrandtia,Ptychadenidae
Lanzarana,Ptychadenidae
Ptychadena,Ptychadenidae
Amietia,Pyxicephalidae
Anhydrophryne,Pyxicephalidae
Arthroleptella,Pyxicephalidae
Aubria,Pyxicephalidae
Cacosternum,Pyxicephalidae
Microbatrachella,Pyxicephalidae
Natalobatrachus,Pyxicephalidae
Nothophryne,Pyxicephalidae
Poyntonia,Pyxicephalidae
Pyxicephalus,Pyxicephalidae
Strongylopus,Pyxicephalidae
Tomopterna,Pyxicephalidae
Abavorana,Ranidae
Amnirana,Ranidae
Amolops,Ranidae
Babina,Ranidae
Chalcorana,Ranidae
Clinotarsus,Ranidae
Glandirana,Ranidae
Huia,Ranidae
Humerana,Ranidae
Hydrophylax,Ranidae
Hylarana,Ranidae
Indosylvirana,Ranidae
Lithobates,Ranidae
Meristogenys,Ranidae
Nidirana,Ranidae
Odorrana,Ranidae
Papurana,Ranidae
Pelophylax,Ranidae
Pseudorana,Ranidae
Pterorana,Ranidae
Pulchrana,Ranidae
Rana,Ranidae
Sanguirana,Ranidae
Staurois,Ranidae
Sumaterana,Ranidae
Sylvirana,Ranidae
Indirana,Ranixalidae
Walkerana,Ranixalidae
Beddomixalus,Rhacophoridae
Buergeria,Rhacophoridae
Chiromantis,Rhacophoridae
Feihyla,Rhacophoridae
Ghatixalus,Rhacophoridae
Gracixalus,Rhacophoridae
Kurixalus,Rhacophoridae
Leptomantis,Rhacophoridae
Liuixalus,Rhacophoridae
Mercurana,Rhacophoridae
Nasutixalus,Rhacophoridae
Nyctixalus,Rhacophoridae
Philautus,Rhacophoridae
Polypedates,Rhacophoridae
Pseudophilautus,Rhacophoridae
Raorchestes,Rhacophoridae
Rhacophorus,Rhacophoridae
Taruga,Rhacophoridae
Theloderma,Rhacophoridae
Zhangixalus,Rhacophoridae
Epicrionops,Rhinatrematidae
Rhinatrema,Rhinatrematidae
Insuetophrynus,Rhinodermatidae
Rhinoderma,Rhinodermatidae
Rhinophrynus,Rhinophrynidae
Rhyacotriton,Rhyacotritonidae
Calotriton,Salamandridae
Chioglossa,Salamandridae
Cynops,Salamandridae
Echinotriton,Salamandridae
Euproctus,Salamandridae
Ichthyosaura,Salamandridae
Laotriton,Salamandridae
Lissotriton,Salamandridae
Lyciasalamandra,Salamandridae
Mertensiella,Salamandridae
Neurergus,Salamandridae
Notophthalmus,Salamandridae
Ommatotriton,Salamandridae
Pachytriton,Salamandridae
Paramesotriton,Salamandridae
Pleurodeles,Salamandridae
Salamandra,Salamandridae
Salamandrina,Salamandridae
Taricha,Salamandridae
Triturus,Salamandridae
Tylototriton,Salamandridae
Scaphiopus,Scaphiopodidae
Spea,Scaphiopodidae
Crotaphatrema,Scolecomorphidae
Scolecomorphus,Scolecomorphidae
Brasilotyphlus,Siphonopidae
Luetkenotyphlus,Siphonopidae
Microcaecilia,Siphonopidae
Mimosiphonops,Siphonopidae
Siphonops,Siphonopidae
Pseudobranchus,Sirenidae
Siren,Sirenidae
Sechellophryne,Sooglossidae
Sooglossus,Sooglossidae
Telmatobius,Telmatobiidae
Atretochoana,Typhlonectidae
Chthonerpeton,Typhlonectidae
Nectocaecilia,Typhlonectidae
Potamotyphlus,Typhlonectidae
Typhlonectes,Typhlonectidae
Abrana,Ptychadenidae
Abranchus,Cryptobranchidae
Abroscaphus,Arthroleptidae
Acrodytes,Hylidae
Adelphobtes,Dendrobatidae
Aelurophryne,Megophryidae
Afrana,Pyxicephalidae
Afrocaecilia,Herpelidae
Albericus,Microhylidae
Allomesotriton,Salamandridae
Altigius,Microhylidae
Altirana,Dicroglossidae
Amazonella,Bufonidae
Ambistoma,Ambystomatidae
Amblyphrynus,Craugastoridae
Amblystoma,Ambystomatidae
Ambystome,Ambystomatidae
Amerana,Ranidae
Amietophrynus,Bufonidae
Ammoryctis,Alytidae
Amo,Ranidae
Amphignathodon,Hemiphractidae
Amphisbaena,Dermophiidae
Amphiumophis,Caeciliidae
Amphodus,Hylidae
Anaides,Plethodontidae
Andinophryne,Bufonidae
Annandia,Dicroglossidae
Anodontohyla,Microhylidae
Anotheca,Hylidae
Antelopus,Bufonidae
Apneumona,Proteidae
Aquixalus,Rhacophoridae
Arthrolepis,Phrynobatrachidae
Aruncus,Bufonidae
Asterodactylus,Pipidae
Atelophryne,Bufonidae
Atelophryniscus,Bufonidae
Atopophrynus,Craugastoridae
Atylodes,Plethodontidae
Atympanophrys,Megophryidae
Aubrya,Pyxicephalidae
Auletris,Hylidae
Aurorana,Ranidae
Australocrinia,Myobatrachidae
Autodax,Plethodontidae
Axolotes,Ambystomatidae
Axolotus,Ambystomatidae
Baleaphryne,Alytidae
Bamburana,Ranidae
Basanitia,Brachycephalidae
Bathysiredon,Ambystomatidae
Batrachichthys,Hylidae
Batrachophrynus,Batrachylidae
Batrachopsis,Limnodynastidae
Batrachus,Bufonidae
Batrachylodes,Ceratobatrachidae
Batrachyperus,Hynobiidae
Batrachythys,Hylidae
Bdellophis,Dermophiidae
Berdmorea,Microhylidae
Bombinator,Alytidae
Bombitator,Bombinatoridae
Borborocoetes,Alsodidae
Borborocoetus,Alsodidae
Borneophrys,Megophryidae
Boulengerana,Ranidae
Boulenophrys,Megophryidae
Brachymerus,Microhylidae
Brachytarsophrys,Megophryidae
Bradybates,Salamandridae
Bradymedusa,Phyllomedusidae
Brendanura,Pelodryadidae
Bryobatrachus,Myobatrachidae
Bubonias,Leptodactylidae
Bufavus,Bufonidae
Buffo,Bombinatoridae
Buffonella,Myobatrachidae
Bufonella,Myobatrachidae
Bulga,Salamandridae
Bulua,Arthroleptidae
Cacophryne,Bufonidae
Cacopoides,Microhylidae
Cacopus,Microhylidae
Cacotus,Alsodidae
Caecilita,Siphonopidae
Calamita,Dendrobatidae
Calamobates,Hylodidae
Caledon,Proteidae
Calliglutus,Microhylidae
Calluella,Microhylidae
Callula,Microhylidae
Calohyla,Microhylidae
Calophryne,Microhylidae
Calophrynus,Microhylidae
Caloula,Microhylidae
Calyptahyla,Hylidae
Calyptocephala,Calyptocephalellidae
Calyptocephalus,Calyptocephalellidae
Camarataxis,Ambystomatidae
Camariolius,Myobatrachidae
Camariolus,Myobatrachidae
Carpophrys,Megophryidae
Cassina,Hyperoliidae
Cassiniopsis,Hyperoliidae
Caudacaecilia,Ichthyophiidae
Caudiverbera,Calyptocephalellidae
Cauphias,Hylidae
Cecilia,Ichthyophiidae
Centrolenella,Centrolenidae
Centrotelma,Hylidae
Cerathyla,Hemiphractidae
Ceratobatrachus,Ceratobatrachidae
Ceratohyla,Hemiphractidae
Ceratophris,Ceratophryidae
Ceratophryne,Ceratophryidae
Chaparana,Dicroglossidae
Chaunus,Bufonidae
Cheiroleptes,Pelodryadidae
Chelydobatrachus,Myobatrachidae
Chianopelas,Leptodactylidae
Chilophryne,Bufonidae
Chionopelas,Leptodactylidae
Chirixalus,Rhacophoridae
Chirodryas,Pelodryadidae
Chiroleptes,Pelodryadidae
Chlorolius,Hyperoliidae
Choanacantha,Microhylidae
Chondrotus,Ambystomatidae
Chorophilus,Hemiphractidae
Chrysodonta,Amphiumidae
Cinclidium,Hylidae
Coecilia,Caeciliidae
Coelonotus,Hemiphractidae
Coggerdonia,Pelodryadidae
Colleeneremia,Pelodryadidae
Colodactylus,Alytidae
Colomascirtus,Hylidae
Colpoglossus,Microhylidae
Copea,Microhylidae
Cophomantis,Hylidae
Cophophryne,Megophryidae
Coplandia,Limnodynastidae
Coracodichus,Arthroleptidae
Corthomantis,Hylidae
Cotobotes,Plethodontidae
Cranophryne,Bufonidae
Cranopsis,Bufonidae
Craspedoglossa,Cycloramphidae
Crepidius,Bufonidae
Crepidophryne,Bufonidae
Crumenifera,Hyperoliidae
Cryptophyllobates,Dendrobatidae
Cryptopsophis,Dermophiidae
Cryptotis,Limnodynastidae
Ctenocranius,Craugastoridae
Cultripes,Pelobatidae
Cyclocephalus,Craugastoridae
Cyclogaster,Bufonidae
Cyclorana,Pelodryadidae
Cyclorhamphus,Cycloramphidae
Cylindrosoma,Plethodontidae
Cystignathus,Alsodidae
Dactylethera,Pipidae
Dactylethra,Dicroglossidae
Dendrobatorana,Rhacophoridae
Dendrohyas,Hylidae
Dendromanes,Microhylidae
Dermodactylus,Hynobiidae
Desmodactylus,Hynobiidae
Diaglena,Hylidae
Dianrana,Ranidae
Dicroglossus,Dicroglossidae
Didocus,Pelobatidae
Diemictylus,Salamandridae
Diemyctylus,Salamandridae
Dilobates,Arthroleptidae
Dimorphognathus,Phrynobatrachidae
Diplopelma,Microhylidae
Discodeles,Ceratobatrachidae
Discophus,Microhylidae
Discophys,Microhylidae
Docidophryne,Bufonidae
Dromoplectrus,Bufonidae
Dryomantis,Pelodryadidae
Dryomelictes,Allophrynidae
Dryopsophus,Pelodryadidae
Dyscophina,Microhylidae
Eburana,Ranidae
Edwardtayloria,Rhacophoridae
Elachyglossa,Dicroglossidae
Eladinea,Plethodontidae
Eletherodactylus,Craugastoridae
Ellipsoglossa,Hynobiidae
Elophila,Mantellidae
Elosia,Brachycephalidae
Emydops,Microhylidae
Engistoma,Microhylidae
Engystoma,Brevicipitidae
Entomoglossus,Leptodactylidae
Enydrobius,Craugastoridae
Epedaphus,Hylidae
Ephippipher,Brachycephalidae
Epicrium,Ichthyophiidae
Epirhexis,Craugastoridae
Eripaa,Dicroglossidae
Euchnemis,Hyperoliidae
Eucnemis,Arthroleptidae
Euhyas,Brachycephalidae
Eupemphix,Brachycephalidae
Eurhina,Bufonidae
Euscelis,Pelodryadidae
Eusophus,Alsodidae
Exaeretus,Salamandridae
Fanchonia,Pelodryadidae
Feirana,Dicroglossidae
Fichteria,Microhylidae
Frankixalus,Rhacophoridae
Fritzia,Hemiphractidae
Gampsosteonyx,Arthroleptidae
Garbeana,Hylidae
Gecko,Calyptocephalellidae
Gegenes,Indotyphlidae
Gegenophis,Indotyphlidae
Gekko,Salamandridae
Genyophryne,Microhylidae
Geobatrachus,Craugastoridae
Geomolge,Hynobiidae
Geotriton,Plethodontidae
Gigantobatrachus,Calyptocephalellidae
Gigantorana,Conrauidae
Glauertia,Myobatrachidae
Glossolega,Salamandridae
Glossoliga,Salamandridae
Glossostoma,Microhylidae
Gnathophryne,Microhylidae
Gnathophysa,Leptodactylidae
Gomphobates,Leptodactylidae
Gracilixalus,Rhacophoridae
Gradwellia,Myobatrachidae
Grossodactylus,Hylodidae
Grypiscus,Cycloramphidae
Grypsicus,Cycloramphidae
Gymnodytes,Ranidae
Gymnophis,Dermophiidae
Gynandropaa,Dicroglossidae
Gyrinus,Ambystomatidae
Habrahyla,Arthroleptidae
Haideotriton,Plethodontidae
Halophila,Ceratobatrachidae
Halophilus,Ceratobatrachidae
Hazelia,Rhacophoridae
Heliorana,Limnodynastidae
Helocaetes,Hylidae
Hemimantis,Mantellidae
Heminectes,Rhinodermatidae
Hemipipa,Pipidae
Hemisalamandra,Salamandridae
Hemitriton,Ambystomatidae
Heredia,Plethodontidae
Hesperocrinia,Myobatrachidae
Heteroglossa,Phrynobatrachidae
Heterotriton,Ambystomatidae
Hilodes,Batrachylidae
Hilorina,Batrachylidae
Hiobates,Leptodactylidae
Hiperoodon,Odontophrynidae
Holoxalus,Dendrobatidae
Hosmeria,Myobatrachidae
Houlema,Dicroglossidae
Huangixalus,Rhacophoridae
Hyas,Hylidae
Hydrobatrachus,Conrauidae
Hydromantoides,Plethodontidae
Hydrosalamandra,Cryptobranchidae
Hydrostentor,Dicroglossidae
Hylactophryne,Craugastoridae
Hyladactylus,Microhylidae
Hylaedactylus,Microhylidae
Hylaemorphus,Bufonidae
Hylambates,Arthroleptidae
Hylaplesia,Brachycephalidae
Hylaria,Hylidae
Hylarthroleptis,Phrynobatrachidae
Hyledactylus,Microhylidae
Hylella,Centrolenidae
Hyliola,Hylidae
Hylixalus,Aromobatidae
Hylonomus,Hylidae
Hylopsis,Hylidae
Hylorana,Dicroglossidae
Hylorhina,Batrachylidae
Hylorhinus,Batrachylidae
Hyobates,Leptodactylidae
Hyophryne,Microhylidae
Hyperoodon,Odontophrynidae
Hypochthon,Proteidae
Hypochton,Ambystomatidae
Hypodactylus,Craugastoridae
Hypodictyon,Craugastoridae
Hypselotriton,Salamandridae
Hypsirana,Ceratobatrachidae
Hysaplesia,Dendrobatidae
Iliodiscus,Cycloramphidae
Iranodon,Hynobiidae
Isodactylium,Hynobiidae
Isodactylus,Craugastoridae
Ixalus,Hyperoliidae
Kakophrynus,Hemisotidae
Kalaoula,Microhylidae
Kaluella,Microhylidae
Kalula,Microhylidae
Kankanophryne,Myobatrachidae
Kirtixalus,Rhacophoridae
Kurxalus,Rhacophoridae
Kyarranus,Limnodynastidae
Lacerta,Calyptocephalellidae
Lacertus,Salamandridae
Ladailadne,Eleutherodactylidae
Laurentomantis,Mantellidae
Leioaspetos,Leiopelmatidae
Leiuperus,Brachycephalidae
Lepthyla,Pelodryadidae
Leptodactylos,Leptodactylidae
Leptolalax,Megophryidae
Leptoparius,Phrynobatrachidae
Leptopus,Pipidae
Leptosooglossus,Sooglossidae
Leurognathus,Plethodontidae
Levirana,Ranidae
Liangshantriton,Salamandridae
Limnaoedus,Hylidae
Limnocharis,Hylodidae
Limnodytes,Mantellidae
Limnophys,Craugastoridae
Lineatriton,Plethodontidae
Linguaelapsus,Ambystomatidae
Liohyla,Craugastoridae
Liopelma,Leiopelmatidae
Liophryne,Microhylidae
Lisapsus,Hylidae
Litopleura,Alsodidae
Littlejohnophryne,Myobatrachidae
Liuhurana,Ranidae
Liuophrys,Megophryidae
Liuperus,Craugastoridae
Liyla,Craugastoridae
Llewellynura,Pelodryadidae
Lobipes,Hylidae
Lophinus,Salamandridae
Lophiohyla,Hylidae
Lophopus,Hylidae
Lophyohyla,Hylidae
Lymnodytes,Dicroglossidae
Lynchophrys,Telmatobiidae
Lystris,Leptodactylidae
Maculopaa,Dicroglossidae
Magnadigita,Plethodontidae
Mahonabatrachus,Pelodryadidae
Malachylodes,Eleutherodactylidae
Maltzania,Pyxicephalidae
Manculus,Plethodontidae
Manthophryne,Microhylidae
Mantiphrys,Microhylidae
Mantipus,Microhylidae
Mantophrys,Microhylidae
Megalixalus,Arthroleptidae
Megalobatrachus,Cryptobranchidae
Megalophrys,Dicroglossidae
Megapterna,Salamandridae
Megistolotis,Limnodynastidae
Mehelyia,Microhylidae
Melanophryne,Microhylidae
Menobranchus,Proteidae
Menopoma,Cryptobranchidae
Mesotriton,Salamandridae
Metaeus,Alsodidae
Metamagnusia,Microhylidae
Metopostira,Microhylidae
Micrarthroleptis,Phrynobatrachidae
Microbatrachus,Pyxicephalidae
Microbatrachyls,Craugastoridae
Microbatrachylus,Craugastoridae
Microdiscopus,Dicroglossidae
Microhyletta,Microhylidae
Microphryne,Leptodactylidae
Microps,Microhylidae
Minascaecilia,Dermophiidae
Mitrolysis,Pelodryadidae
Mocquardia,Hyperoliidae
Mogophrys,Megophryidae
Molga,Salamandridae
Molge,Cryptobranchidae
Montorana,Dicroglossidae
Mosleyia,Pelodryadidae
Mucubatrachus,Craugastoridae
Muraena,Sirenidae
Muraenopsis,Amphiumidae
Mycetoglossus,Plethodontidae
Myiobatrachus,Myobatrachidae
Nannobatrachus,Nyctibatrachidae
Nasirana,Ranidae
Nattereria,Leptodactylidae
Nectes,Bufonidae
Nectodactylus,Microhylidae
Nelsonophryne,Microhylidae
Neophractops,Pelodryadidae
Neoruinosus,Limnodynastidae
Nephelobates,Aromobatidae
Nesionixalus,Hyperoliidae
Nesobia,Megophryidae
Nesomantis,Sooglossidae
Niedenia,Cycloramphidae
Nireus,Megophryidae
Notodelphis,Hemiphractidae
Notodelphys,Hemiphractidae
Notokassina,Hyperoliidae
Notophthalma,Salamandridae
Nototheca,Hemiphractidae
Nototrema,Hemiphractidae
Nychodactylus,Hynobiidae
Nyctimyates,Pelodryadidae
Obstetricans,Alytidae
Oedipus,Plethodontidae
Oedopinola,Plethodontidae
Ollotis,Bufonidae
Ololigon,Cycloramphidae
Oocormus,Cycloramphidae
Ooeidozyga,Dicroglossidae
Opheobatrachus,Plethodontidae
Ophiobatrachus,Plethodontidae
Ophryophryne,Megophryidae
Opisthodelphis,Hemiphractidae
Opisthodelphys,Hemiphractidae
Opisthodon,Limnodynastidae
Orchestes,Rhacophoridae
Oreobatrachus,Dicroglossidae
Osilophus,Hylidae
Osteosternum,Dicroglossidae
Ostetricans,Pelodytidae
Otaspis,Bufonidae
Otilophus,Bufonidae
Otolophus,Bufonidae
Oxydactyla,Microhylidae
Oxydozyga,Dicroglossidae
Oxyglossa,Dicroglossidae
Oxyglossis,Dicroglossidae
Oxyglossus,Dicroglossidae
Oxyrhincus,Microhylidae
Oxyrhynchus,Bufonidae
Paa,Dicroglossidae
Pachybatrachus,Microhylidae
Pachymedusa,Phyllomedusidae
Pachypalaminus,Hynobiidae
Paleorana,Conrauidae
Palmatorappia,Ceratobatrachidae
Palmatotriton,Plethodontidae
Palophylax,Ranidae
Paludicola,Alsodidae
Panophrys,Megophryidae
Paracophyla,Microhylidae
Paramegophrys,Megophryidae
Paramophrynella,Craugastoridae
Parapseudacris,Hylidae
Pararthroleptis,Arthroleptidae
Parvicaecilia,Siphonopidae
Pectoglossa,Ambystomatidae
Pegaeus,Bufonidae
Pelabates,Pelobatidae
Pelobatrachus,Megophryidae
Pelobius,Pelodryadidae
Pelodryas,Pelodryadidae
Pelodytopsis,Pelodytidae
Pelonectes,Salamandridae
Pelorius,Eleutherodactylidae
Peltaphryne,Bufonidae
Peltocephalus,Calyptocephalellidae
Pengilleyia,Pelodryadidae
Peralaimos,Leptodactylidae
Perialia,Limnodynastidae
Petraponia,Salamandridae
Phanerobranchus,Proteidae
Phanerotis,Limnodynastidae
Pharyngodon,Hylidae
Phatnomatorhina,Salamandridae
Pherohapsis,Microhylidae
Philhydrus,Ambystomatidae
Philocryphus,Limnodynastidae
Phirix,Bufonidae
Phobobates,Dendrobatidae
Phractops,Pelodryadidae
Phrynanodus,Brachycephalidae
Phryne,Bufonidae
Phrynidium,Bufonidae
Phryniscus,Bufonidae
Phrynixalus,Microhylidae
Phrynocara,Microhylidae
Phrynoceros,Ceratophryidae
Phrynoderma,Dicroglossidae
Phrynodon,Phrynobatrachidae
Phrynoglossus,Dicroglossidae
Phrynohyas,Hylidae
Phrynoides,Bufonidae
Phrynomerus,Microhylidae
Phrynomorphus,Bufonidae
Phrynopsis,Pyxicephalidae
Phyllobius,Hylidae
Phyllodromus,Dendrobatidae
Phyllonastes,Craugastoridae
Phynomantis,Microhylidae
Physolaemus,Leptodactylidae
Pingia,Salamandridae
Pithecopsis,Cycloramphidae
Platosphus,Bufonidae
Platyhyla,Microhylidae
Platymantes,Craugastoridae
Platypelis,Microhylidae
Platyplectron,Limnodynastidae
Platyplectum,Limnodynastidae
Plectromantis,Leptodactylidae
Plectropus,Microhylidae
Plethopsis,Plethodontidae
Podonectes,Hylidae
Pohlia,Ranidae
Pomatops,Microhylidae
Potomotyphlus,Typhlonectidae
Prestherapis,Aromobatidae
Prohartia,Myobatrachidae
Protherapis,Dendrobatidae
Protohynobius,Hynobiidae
Protonopsis,Cryptobranchidae
Protopipa,Pipidae
Pseudarthroleptis,Phrynobatrachidae
Pseudengystoma,Microhylidae
Pseudepidalea,Bufonidae
Pseudes,Alytidae
Pseudoamolops,Ranidae
Pseudobatrachus,Telmatobiidae
Pseudocallulops,Microhylidae
Pseudocassina,Arthroleptidae
Pseudohemisus,Microhylidae
Pseudohyla,Craugastoridae
Pseudopelobates,Pelobatidae
Pseudosalamadra,Hynobiidae
Pseudosalamandra,Hynobiidae
Pseudosiphonops,Siphonopidae
Pseudotyphlonectes,Typhlonectidae
Pseudoxenopus,Conrauidae
Pseudus,Hylidae
Psyllophryne,Brachycephalidae
Pternohyla,Hylidae
Pterophryne,Myobatrachidae
Pterophrynus,Myobatrachidae
Pyronicia,Salamandridae
Qianbufo,Bufonidae
Qiangbufo,Bufonidae
Qiangobufo,Bufonidae
Quinzhyla,Hylidae
Racophorus,Rhacophoridae
Ramanella,Microhylidae
Ranaria,Ranidae
Ranaster,Limnodynastidae
Ranhyla,Pelodryadidae
Ranidella,Myobatrachidae
Ranidens,Hynobiidae
Ranina,Microhylidae
Ranixalus,Ranixalidae
Ranosoma,Dicroglossidae
Ranula,Ranidae
Rappia,Arthroleptidae
Rawlinsonia,Pelodryadidae
Relictivomer,Microhylidae
Rhacohorus,Rhacophoridae
Rhacophoris,Mantellidae
Rhamphophryne,Bufonidae
Rhinophryne,Rhinophrynidae
Rhithrotriton,Salamandridae
Rhombophryns,Microhylidae
Rhyacosiredon,Ambystomatidae
Ribeirina,Microhylidae
Rothschildia,Hyperoliidae
Rugosa,Ranidae
Saganura,Pelodryadidae
Salamandroides,Ambystomatidae
Salamandroidis,Ambystomatidae
Salamandrops,Cryptobranchidae
Sallywalkerana,Ranixalidae
Sandyrana,Pelodryadidae
Satobius,Hynobiidae
Saurocercus,Plethodontidae
Saurophis,Plethodontidae
Sauropsis,Plethodontidae
Scaphopus,Scaphiopodidae
Scaptophryne,Microhylidae
Schoutedenella,Arthroleptidae
Scytopis,Hylidae
Seiranota,Salamandridae
Seudosalamandra,Hynobiidae
Sieboldia,Cryptobranchidae
Sieboldiana,Cryptobranchidae
Silurana,Pipidae
Simomantis,Ranidae
Sinobius,Hynobiidae
Siphneus,Microhylidae
Siredon,Ambystomatidae
Sirena,Proteidae
Sirene,Sirenidae
Sireni,Amphiumidae
Sirenodon,Ambystomatidae
Sirenoides,Amphiumidae
Sminthillus,Craugastoridae
Somuncuria,Leptodactylidae
Spelerpes,Plethodontidae
Spelerpus,Plethodontidae
Sphoenohyla,Allophrynidae
Sphoenorhynchus,Hylidae
Spinophrynoides,Bufonidae
Stegoporus,Ambystomatidae
Stenocephalus,Microhylidae
Stenodactylus,Bufonidae
Stenoglossa,Bufonidae
Stenorhynchus,Phrynobatrachidae
Stephopaedes,Bufonidae
Stombus,Ceratophryidae
Strauchophryne,Bufonidae
Stronglylopus,Pyxicephalidae
Syncope,Microhylidae
Syren,Amphiumidae
Syrraphus,Eleutherodactylidae
Syrrhaphus,Craugastoridae
Syrrhophis,Eleutherodactylidae
Syrrhophus,Craugastoridae
Syrrhopus,Craugastoridae
Systoma,Brevicipitidae
Tachymenis,Hyperoliidae
Tarsopterus,Hylodidae
Taylorana,Ceratobatrachidae
Teletrema,Craugastoridae
Telmalsodes,Alsodidae
Tetraprion,Hylidae
Thyphlonectes,Typhlonectidae
Tigrina,Dicroglossidae
Tomodactylus,Eleutherodactylidae
Tornierella,Hyperoliidae
Tornierobates,Bufonidae
Torrentophryne,Bufonidae
Trachucephalus,Dicroglossidae
Trachycara,Bufonidae
Trachymantis,Mantellidae
Trachyphrynus,Craugastoridae
Tremeropugus,Pipidae
Trigonophrys,Ceratophryidae
Tristella,Salamandridae
Tritomegas,Cryptobranchidae
Triton,Ambystomatidae
Trituroides,Salamandridae
Trypheropsis,Ranidae
Tsinpa,Hynobiidae
Turanomolge,Hynobiidae
Tylerana,Ranidae
Tylerdella,Myobatrachidae
Tylotriton,Salamandridae
Tympanoceros,Petropedetidae
Typhlomolge,Plethodontidae
Typhlonectus,Typhlonectidae
Typhlotriton,Plethodontidae
Unculurana,Dicroglossidae
Uroplatus,Calyptocephalellidae
Urotropis,Cryptobranchidae
Vanzolinius,Leptodactylidae
Vibrissaphora,Megophryidae
Wagleria,Limnodynastidae
Wurana,Ranidae
Xenobatrachus,Microhylidae
Xenobius,Hynobiidae
Xenophrys,Megophryidae
Xiphonura,Ambystomatidae
Yaotriton,Salamandridae
Yerana,Dicroglossidae
Zakerana,Dicroglossidae
